J [A/cm^2],V [V]
0.171131939,1.828982994
0.222511135,1.893567454
0.308331368,1.979394856
0.343033259,2.008493476
